ApplicationNumber,Graduate,Residence,MaritalStatus
10202,No,Semi Urban,Married
10203,No,Urban,Married
10204,No,Rural,Married
10205,No,Urban,Married
10209,No,Rural,Single
10211,No,Urban,Married
10213,No,Rural,Single
10214,No,Rural,Married
10215,No,Semi Urban,Married
10216,No,Semi Urban,Married
10218,No,Rural,Married
10220,Yes,Rural,Married
10221,No,Semi Urban,Single
10222,No,Rural,Married
10225,Yes,Urban,Single
10226,No,Rural,Married
10227,No,Semi Urban,Married
10228,No,Rural,Single
10229,No,Semi Urban,Single
10230,No,Rural,Married
10232,No,Rural,Married
10233,No,Rural,Married
10237,No,Urban,Single
10239,No,Urban,Single
10240,No,Rural,Single
10241,No,Urban,Single
10243,No,Rural,Married
10244,No,Semi Urban,Single
10245,No,Rural,Married
10246,No,Urban,Single
10251,No,Urban,Married
10253,No,Urban,Married
10257,No,Rural,Married
10258,No,Rural,Single
10261,No,Urban,Married
10265,No,Urban,Married
10266,Yes,Semi Urban,Married
10267,No,Semi Urban,Married
10268,No,Urban,Married
10269,No,Rural,Married
10270,No,Rural,Married
10271,No,Urban,Married
10273,No,Rural,Single
10274,No,Urban,Married
10277,Yes,Rural,Married
10280,No,Urban,Married
10284,No,Semi Urban,Single
10286,Yes,Rural,Single
10288,No,Semi Urban,Married
10289,Yes,Rural,Married
10290,No,Urban,Married
10291,No,Urban,Married
10292,No,Semi Urban,Single
10293,No,Rural,Married
10296,No,Semi Urban,Single
10299,No,Urban,Single
10300,Yes,Rural,Single
10301,Yes,Semi Urban,Married
10304,Yes,Semi Urban,Married
10306,No,Rural,Single
10307,Yes,Rural,Married
10308,No,Semi Urban,Married
10311,No,Semi Urban,Married
10315,No,Urban,Single
10317,No,Rural,Married
10318,No,Rural,Single
10319,No,Rural,Married
10320,No,Urban,Married
10324,No,Urban,Single
10329,No,Rural,Married
10331,No,Rural,Married
10337,Yes,Urban,Married
10338,No,Urban,Single
10341,No,Rural,Married
10342,No,Semi Urban,Married
10343,No,Rural,Married
10345,Yes,Semi Urban,Married
10346,Yes,Rural,Married
10347,No,Rural,Married
10348,No,Rural,Married
10349,No,Rural,Married
10350,No,Semi Urban,Married
10352,No,Rural,Married
10354,Yes,Urban,Married
10357,No,Semi Urban,Married
10358,No,Urban,Married
10359,Yes,Rural,Single
10361,Yes,Urban,Married
10362,No,Rural,Married
10363,No,Semi Urban,Married
10364,No,Urban,Single
10365,No,Semi Urban,Married
10366,No,Semi Urban,Single
10367,No,Rural,Married
10370,No,Rural,Married
10372,No,Rural,Married
10374,No,Urban,Single
10375,No,Urban,Single
10378,No,Semi Urban,Single
10380,No,Rural,Married
10381,No,Rural,Married
10383,No,Rural,Married
10385,No,Rural,Married
10386,No,Semi Urban,Single
10387,Yes,Urban,Married
10391,No,Semi Urban,Married
10393,Yes,Urban,Married
10396,Yes,Semi Urban,Married
10397,No,Rural,Single
10399,Yes,Rural,Married
10404,No,Rural,Single
10405,Yes,Urban,Married
10406,No,Rural,Married
10408,Yes,Semi Urban,Married
10409,No,Semi Urban,Married
10410,No,Semi Urban,Married
10412,No,Urban,Married
10413,No,Urban,Married
10417,No,Urban,Married
10419,Yes,Rural,Single
10420,No,Rural,Single
10422,No,Rural,Single
10425,No,Urban,Married
10427,No,Urban,Married
10428,No,Semi Urban,Married
10432,No,Rural,Married
10433,No,Rural,Single
10439,No,Semi Urban,Married
10440,No,Rural,Married
10441,No,Rural,Married
10442,Yes,Semi Urban,Married
10443,No,Urban,Married
10444,No,Rural,Married
10447,No,Rural,Married
10448,No,Rural,Married
10451,No,Semi Urban,Single
10455,No,Rural,Married
10457,Yes,Semi Urban,Married
10459,No,Rural,Married
10460,No,Urban,Married
10463,No,Urban,Married
10464,Yes,Rural,Married
10465,No,Rural,Married
10467,No,Semi Urban,Single
10475,No,Semi Urban,Married
10476,Yes,Urban,Married
10477,No,Rural,Single
10478,No,Rural,Married
10479,No,Semi Urban,Married
10480,No,Rural,Single
10481,No,Rural,Married
10482,No,Rural,Married
10484,No,Urban,Married
10485,No,Semi Urban,Married
10492,Yes,Semi Urban,Married
10493,No,Rural,Married
10494,No,Rural,Married
10495,No,Semi Urban,Married
10497,No,Semi Urban,Married
10500,No,Rural,Married
10504,No,Rural,Married
10505,No,Urban,Married
10508,No,Rural,Married
10509,Yes,Rural,Married
10510,No,Urban,Single
10513,No,Semi Urban,Married
10514,Yes,Semi Urban,Single
10515,No,Urban,Married
10516,No,Rural,Married
10519,No,Rural,Married
10521,No,Urban,Married
10522,No,Urban,Single
10524,No,Urban,Single
10525,No,Rural,Married
10527,No,Urban,Married
10528,Yes,Semi Urban,Married
10535,No,Semi Urban,Single
10536,No,Rural,Married
10537,No,Rural,Married
10538,No,Rural,Married
10539,No,Urban,Married
10540,No,Rural,Married
10543,No,Semi Urban,Married
10545,No,Rural,Married
10546,No,Urban,Single
10548,No,Semi Urban,Married
10551,No,Urban,Married
10555,No,Semi Urban,Single
10559,No,Semi Urban,Single
10560,No,Urban,Married
10561,Yes,Rural,Married
10564,No,Urban,Married
10565,No,Rural,Married
10566,No,Rural,Married
10567,No,Urban,Married
10569,No,Rural,Married
10571,No,Urban,Single
10572,No,Semi Urban,Married
10575,Yes,Urban,Married
10576,No,Urban,Married
10577,No,Urban,Married
10578,Yes,Urban,Married
10579,No,Urban,Single
10580,No,Rural,Married
10584,No,Urban,Married
10587,Yes,Urban,Married
10588,No,Semi Urban,Married
10589,No,Rural,Married
10594,No,Rural,Married
10597,Yes,Rural,Married
10598,No,Semi Urban,Single
10599,No,Urban,Married
10600,No,Rural,Married
10601,No,Semi Urban,Married
10602,No,Semi Urban,Married
10605,Yes,Rural,Single
10606,No,Rural,Married
10610,No,Rural,Married
10611,No,Rural,Married
10612,No,Urban,Married
10614,No,Semi Urban,Married
10615,No,Urban,Married
10616,No,Urban,Married
10620,No,Urban,Married
10621,No,Urban,Single
10622,No,Urban,Married
10626,No,Rural,Married
10630,No,Urban,Married
10631,No,Urban,Married
10632,Yes,Semi Urban,Married
10636,No,Semi Urban,Married
10637,Yes,Urban,Married
10640,No,Urban,Married
10641,No,Semi Urban,Married
10642,No,Urban,Married
10643,No,Urban,Married
10650,No,Semi Urban,Married
10651,No,Urban,Married
10655,No,Semi Urban,Single
10656,No,Rural,Married
10657,Yes,Rural,Married
10662,No,Rural,Married
10665,No,Rural,Married
10666,No,Urban,Married
10667,No,Semi Urban,Married
10670,Yes,Rural,Single
10671,No,Urban,Married
10672,No,Urban,Married
10673,No,Rural,Married
10674,No,Rural,Married
10679,No,Rural,Married
10681,No,Semi Urban,Married
10682,No,Rural,Single
10684,No,Rural,Married
10686,No,Urban,Married
10691,No,Urban,Married
10692,No,Urban,Single
10693,No,Urban,Married
10694,No,Urban,Married
10698,Yes,Urban,Married
10700,No,Urban,Married
10704,No,Urban,Single
10707,No,Semi Urban,Married
10709,No,Urban,Married
10713,No,Semi Urban,Married
10715,No,Rural,Married
10717,No,Urban,Married
10719,No,Urban,Married
10720,No,Rural,Married
10721,Yes,Rural,Married
10722,No,Semi Urban,Single
10727,No,Rural,Single
10728,No,Rural,Married
10730,No,Rural,Married
10731,No,Rural,Married
10733,No,Urban,Married
10735,Yes,Rural,Married
10738,No,Rural,Married
10741,No,Urban,Married
10742,Yes,Semi Urban,Single
10743,No,Urban,Married
10744,No,Urban,Married
10746,No,Urban,Married
10747,No,Rural,Married
10749,No,Rural,Married
10758,No,Rural,Married
10759,No,Rural,Married
10761,No,Rural,Married
10763,No,Rural,Single
10764,No,Urban,Married
10765,No,Semi Urban,Married
10767,No,Urban,Married
10769,Yes,Semi Urban,Married
10770,No,Rural,Married
10771,No,Urban,Married
10772,Yes,Rural,Single
10773,No,Rural,Single
10777,No,Semi Urban,Married
10780,No,Rural,Married
10781,No,Urban,Single
10782,No,Semi Urban,Married
10783,Yes,Semi Urban,Married
10784,No,Semi Urban,Married
10785,No,Rural,Married
10787,No,Rural,Married
10788,Yes,Rural,Married
10789,No,Rural,Married
10796,Yes,Rural,Married
10799,Yes,Rural,Married
10800,Yes,Urban,Married
10802,No,Rural,Married
10803,No,Urban,Married
10804,No,Semi Urban,Married
10808,Yes,Semi Urban,Married
10809,No,Urban,Married
10810,No,Urban,Married
10811,No,Urban,Married
10814,No,Urban,Married
10815,No,Rural,Single
10817,No,Urban,Married
10818,No,Semi Urban,Married
10824,No,Urban,Married
10825,Yes,Rural,Married
10827,No,Semi Urban,Married
10828,No,Urban,Married
10829,No,Semi Urban,Married
10830,No,Urban,Married
10832,No,Rural,Married
10834,No,Semi Urban,Married
10836,No,Urban,Married
10837,No,Urban,Married
10840,No,Rural,Single
10841,No,Urban,Married
10842,No,Semi Urban,Married
10843,No,Rural,Married
10845,No,Rural,Married
10846,No,Rural,Married
10847,No,Semi Urban,Married
10848,No,Urban,Single
10849,No,Rural,Married
10850,No,Rural,Single
10852,Yes,Urban,Married
10853,Yes,Urban,Single
10855,No,Urban,Married
10856,No,Urban,Married
10857,No,Rural,Married
10858,No,Semi Urban,Single
10862,No,Rural,Married
10863,No,Urban,Single
10866,Yes,Urban,Married
10867,No,Urban,Married
10870,No,Urban,Married
10872,Yes,Urban,Married
10874,No,Urban,Single
10875,No,Semi Urban,Married
10879,No,Rural,Married
10880,No,Semi Urban,Married
10881,No,Rural,Married
10882,No,Rural,Married
10883,No,Rural,Single
10884,Yes,Urban,Married
10888,No,Rural,Married
10889,Yes,Semi Urban,Married
10893,No,Semi Urban,Single
10895,No,Semi Urban,Married
10900,No,Semi Urban,Married
10901,No,Semi Urban,Married
10902,Yes,Urban,Married
10904,No,Urban,Married
10905,No,Rural,Married
10909,No,Rural,Single
10910,No,Rural,Single
10911,Yes,Urban,Married
10913,No,Rural,Married
10914,No,Rural,Married
10915,Yes,Urban,Married
10916,No,Rural,Single
10917,No,Rural,Married
10918,No,Rural,Married
10919,No,Rural,Married
10920,No,Rural,Married
10921,Yes,Urban,Married
10922,No,Rural,Married
10923,Yes,Rural,Married
10924,No,Urban,Married
10927,No,Semi Urban,Married
10929,Yes,Rural,Married
10931,No,Rural,Married
10933,No,Rural,Married
10942,No,Rural,Married
10943,No,Rural,Married
10947,No,Urban,Married
10949,No,Rural,Married
10951,No,Rural,Married
10952,No,Urban,Married
10954,No,Urban,Single
10955,Yes,Urban,Married
10956,Yes,Rural,Single
10958,No,Urban,Married
10959,No,Urban,Married
10960,No,Rural,Married
10961,No,Rural,Single
10962,No,Urban,Married
10963,No,Rural,Single
10964,No,Rural,Married
10966,No,Rural,Married
10967,Yes,Rural,Married
10968,No,Urban,Married
10969,No,Rural,Married
10970,No,Rural,Married
10971,No,Semi Urban,Married
10972,Yes,Urban,Married
10973,No,Rural,Married
10974,No,Rural,Single
10976,No,Semi Urban,Single
10977,No,Rural,Married
10980,No,Rural,Married
10981,No,Rural,Single
10985,No,Rural,Single
10986,Yes,Semi Urban,Married
10988,No,Rural,Married
10990,No,Rural,Married
10993,No,Rural,Single
10994,No,Urban,Married
10995,No,Rural,Married
10996,Yes,Semi Urban,Married
10997,No,Rural,Married
10999,Yes,Semi Urban,Married
11000,No,Rural,Married
11002,No,Rural,Single
11005,No,Semi Urban,Married
11007,No,Urban,Married
11008,No,Rural,Married
11011,No,Urban,Married
11012,No,Rural,Married
11016,No,Rural,Married
11017,No,Semi Urban,Single
11018,No,Rural,Single
11019,No,Rural,Married
11022,No,Semi Urban,Married
11024,No,Rural,Single
11025,No,Rural,Married
11027,No,Rural,Married
11029,No,Urban,Married
11030,Yes,Semi Urban,Married
11031,No,Semi Urban,Married
11035,No,Urban,Married
11037,No,Urban,Single
11038,No,Rural,Married
11042,Yes,Urban,Married
11043,No,Rural,Married
11044,No,Rural,Married
11046,No,Urban,Married
11049,No,Rural,Married
11050,No,Rural,Single
11052,No,Semi Urban,Married
11053,No,Semi Urban,Single
11054,Yes,Semi Urban,Married
11056,No,Semi Urban,Married
11058,No,Semi Urban,Married
11059,No,Rural,Married
11062,No,Semi Urban,Married
11064,No,Rural,Married
11066,No,Rural,Married
11067,No,Urban,Married
11069,No,Rural,Single
11070,No,Semi Urban,Married
11071,No,Rural,Married
11074,No,Urban,Married
11075,No,Rural,Married
11076,No,Urban,Single
11079,No,Semi Urban,Married
11080,No,Urban,Married
11082,No,Rural,Married
11083,No,Urban,Married
11084,No,Semi Urban,Married
11088,No,Rural,Married
11089,No,Semi Urban,Married
11090,No,Rural,Married
11096,No,Urban,Single
11100,No,Semi Urban,Married
11107,No,Urban,Married
11108,No,Urban,Married
11109,No,Rural,Married
11112,No,Urban,Married
11113,Yes,Rural,Married
11114,No,Urban,Married
11118,No,Rural,Single
11119,No,Semi Urban,Single
11120,No,Rural,Married
11122,No,Rural,Married
11124,No,Urban,Single
11126,No,Urban,Married
11127,Yes,Rural,Married
11129,No,Urban,Married
11130,No,Urban,Married
11131,No,Semi Urban,Married
11132,Yes,Semi Urban,Married
11133,No,Urban,Married
11134,No,Rural,Married
11135,Yes,Semi Urban,Married
11136,No,Semi Urban,Married
11137,No,Rural,Married
11138,No,Rural,Married
11139,No,Urban,Married
11145,No,Semi Urban,Married
11148,No,Rural,Single
11150,No,Rural,Married
11155,No,Rural,Married
11156,No,Urban,Married
11157,Yes,Urban,Single
11158,Yes,Semi Urban,Married
11160,No,Urban,Married
11161,No,Urban,Single
11162,No,Urban,Married
11163,No,Semi Urban,Married
11164,No,Semi Urban,Married
11167,No,Urban,Married
11168,No,Rural,Married
11171,No,Semi Urban,Married
11172,No,Rural,Married
11173,No,Rural,Married
11175,Yes,Rural,Married
11176,Yes,Urban,Married
11177,No,Urban,Married
11178,No,Rural,Single
11179,No,Urban,Married
11181,No,Urban,Married
11182,No,Semi Urban,Married
11184,No,Semi Urban,Single
11186,No,Urban,Single
11187,Yes,Rural,Married
11188,Yes,Rural,Single
11189,No,Semi Urban,Married
11191,No,Rural,Married
11193,No,Semi Urban,Married
11195,No,Semi Urban,Married
11196,No,Rural,Married
11198,No,Urban,Married
11199,No,Urban,Single
11202,No,Semi Urban,Married
11205,No,Rural,Married
11206,No,Semi Urban,Married
11207,Yes,Rural,Single
11208,No,Urban,Married
11209,No,Urban,Married
11211,No,Rural,Single
11212,No,Semi Urban,Married
11213,Yes,Rural,Married
11215,No,Semi Urban,Married
11217,No,Rural,Married
11219,Yes,Urban,Married
11221,No,Urban,Married
11223,No,Semi Urban,Single
11225,No,Urban,Married
11226,No,Semi Urban,Married
11227,No,Rural,Single
11228,No,Rural,Single
11229,No,Rural,Married
11231,No,Semi Urban,Married
11232,No,Rural,Married
11233,No,Rural,Married
11234,No,Rural,Married
11236,No,Semi Urban,Married
11241,No,Urban,Married
11242,No,Urban,Married
11243,Yes,Urban,Married
11244,No,Urban,Married
11245,No,Urban,Married
11248,No,Rural,Married
11250,No,Semi Urban,Married
11253,Yes,Urban,Married
11254,No,Rural,Married
11255,No,Semi Urban,Single
11257,No,Rural,Married
11258,No,Rural,Married
11259,No,Rural,Single
11260,No,Semi Urban,Married
11262,No,Semi Urban,Married
11265,No,Urban,Married
11266,No,Rural,Single
11268,No,Rural,Married
11269,No,Urban,Married
11270,No,Urban,Married
11274,No,Rural,Married
11279,No,Urban,Married
11282,No,Urban,Married
11283,Yes,Urban,Married
11286,Yes,Semi Urban,Married
11287,No,Urban,Married
11289,No,Rural,Married
11291,No,Urban,Married
11292,No,Semi Urban,Married
11294,No,Rural,Single
11296,No,Rural,Married
11297,Yes,Urban,Married
11299,No,Semi Urban,Married
11303,No,Rural,Married
11305,No,Urban,Married
11306,No,Rural,Married
11307,No,Urban,Married
11310,No,Urban,Married
11312,No,Rural,Married
11314,No,Rural,Married
11316,No,Rural,Married
11317,No,Rural,Single
11318,Yes,Rural,Married
11320,Yes,Semi Urban,Married
11322,No,Semi Urban,Married
11324,Yes,Rural,Married
11325,No,Rural,Married
11326,No,Urban,Single
11329,No,Semi Urban,Married
11330,No,Rural,Married
11331,No,Rural,Single
11334,No,Rural,Married
11337,No,Rural,Married
11338,No,Rural,Married
11339,Yes,Rural,Married
11341,No,Urban,Married
11343,No,Rural,Married
11344,No,Semi Urban,Married
11345,No,Urban,Married
11347,No,Urban,Single
11348,No,Semi Urban,Married
11349,Yes,Rural,Married
11351,No,Rural,Single
11354,No,Semi Urban,Single
11356,No,Semi Urban,Single
11357,No,Urban,Married
11358,No,Rural,Single
11360,No,Urban,Single
11361,No,Urban,Married
11363,No,Urban,Married
11364,No,Rural,Married
11365,No,Rural,Married
11367,No,Semi Urban,Married
11371,No,Semi Urban,Married
11373,No,Urban,Married
11374,No,Semi Urban,Married
11375,No,Rural,Married
11376,No,Semi Urban,Married
11377,No,Semi Urban,Married
11379,No,Semi Urban,Married
11380,Yes,Rural,Married
11385,No,Urban,Single
11388,No,Rural,Married
11389,No,Semi Urban,Married
11393,No,Rural,Married
11395,No,Rural,Married
11396,Yes,Semi Urban,Single
11398,No,Urban,Married
11402,No,Semi Urban,Married
11403,No,Urban,Married
11405,No,Semi Urban,Married
11407,Yes,Semi Urban,Married
11408,No,Urban,Married
11409,Yes,Rural,Married
11411,No,Rural,Married
11412,No,Urban,Married
11414,Yes,Rural,Married
11415,Yes,Semi Urban,Married
11416,No,Urban,Married
11417,No,Rural,Married
11419,No,Urban,Married
11421,No,Urban,Married
11422,No,Urban,Single
11423,No,Semi Urban,Married
11424,No,Rural,Married
11425,No,Rural,Married
11426,No,Semi Urban,Married
11427,No,Urban,Single
11428,No,Urban,Married
11430,No,Semi Urban,Married
11433,No,Semi Urban,Married
11438,No,Semi Urban,Married
11440,No,Urban,Married
11441,No,Semi Urban,Married
11442,Yes,Urban,Married
11443,No,Rural,Married
11445,No,Urban,Married
11446,No,Rural,Single
11448,Yes,Semi Urban,Married
11449,No,Semi Urban,Married
11450,No,Urban,Married
11451,No,Rural,Married
11452,No,Urban,Married
11454,No,Urban,Married
11455,No,Rural,Married
11458,No,Semi Urban,Married
11459,Yes,Rural,Single
11465,No,Urban,Single
11468,No,Urban,Married
11470,No,Semi Urban,Married
11471,No,Urban,Single
11476,No,Rural,Single
11477,No,Urban,Single
11478,No,Semi Urban,Married
11479,No,Rural,Married
11480,No,Rural,Married
11482,No,Rural,Married
11483,No,Rural,Married
11484,No,Rural,Married
11485,No,Semi Urban,Married
11486,Yes,Rural,Married
11488,Yes,Urban,Married
11491,No,Urban,Married
11493,No,Rural,Married
11494,No,Semi Urban,Married
11496,No,Urban,Married
11497,No,Rural,Married
11498,No,Rural,Married
11499,No,Rural,Married
11501,No,Urban,Married
11502,No,Rural,Married
11503,No,Semi Urban,Married
11507,Yes,Rural,Married
11508,No,Semi Urban,Single
11509,Yes,Urban,Married
11510,No,Urban,Married
11512,No,Rural,Married
11515,Yes,Semi Urban,Married
11516,No,Rural,Single
11517,No,Semi Urban,Married
11518,Yes,Rural,Married
11519,No,Urban,Married
11520,No,Semi Urban,Married
11521,No,Urban,Married
11522,No,Semi Urban,Married
11523,No,Semi Urban,Married
11524,No,Urban,Single
11525,Yes,Urban,Married
11526,No,Urban,Married
11527,No,Urban,Married
11530,No,Semi Urban,Married
11531,No,Rural,Married
11532,No,Semi Urban,Married
11533,No,Rural,Married
11534,No,Urban,Married
11535,No,Rural,Married
11536,Yes,Urban,Married
11539,Yes,Rural,Married
11541,No,Rural,Single
11543,No,Rural,Married
11546,No,Urban,Married
11550,No,Rural,Married
11551,No,Rural,Married
11552,No,Urban,Married
11553,Yes,Urban,Married
11555,No,Urban,Married
11557,No,Rural,Married
11558,Yes,Urban,Married
11561,No,Rural,Married
11562,Yes,Rural,Married
11563,No,Rural,Married
11566,No,Rural,Married
11567,Yes,Rural,Married
11572,Yes,Semi Urban,Single
11574,No,Urban,Single
11575,No,Urban,Married
11576,No,Rural,Married
11577,No,Urban,Single
11580,Yes,Rural,Married
11583,No,Urban,Single
11584,Yes,Urban,Married
11585,No,Rural,Married
11588,No,Urban,Married
11591,Yes,Rural,Married
11600,No,Urban,Married
11602,No,Urban,Married
11605,No,Semi Urban,Married
11606,No,Rural,Married
11607,No,Semi Urban,Married
11609,No,Rural,Single
11610,No,Rural,Married
11614,No,Rural,Single
11615,No,Rural,Single
11619,No,Urban,Married
11620,No,Semi Urban,Married
11621,No,Urban,Single
11622,Yes,Rural,Married
11624,No,Rural,Married
11625,No,Urban,Single
11627,Yes,Rural,Married
11629,No,Rural,Married
11632,No,Rural,Married
11633,No,Urban,Married
11634,No,Urban,Single
11636,No,Semi Urban,Single
11638,No,Urban,Single
11639,No,Semi Urban,Married
11640,No,Rural,Married
11641,Yes,Urban,Married
11646,No,Semi Urban,Married
11648,No,Urban,Married
11650,No,Urban,Married
11651,No,Rural,Married
11653,No,Urban,Single
11654,No,Urban,Married
11656,No,Rural,Married
11657,No,Rural,Single
11658,Yes,Rural,Married
11665,No,Urban,Single
11666,Yes,Semi Urban,Married
11669,Yes,Urban,Married
11671,No,Urban,Married
11673,Yes,Urban,Married
11674,No,Rural,Married
11675,No,Rural,Single
11680,No,Rural,Married
11681,No,Urban,Single
11682,No,Semi Urban,Married
11683,No,Rural,Married
11684,No,Semi Urban,Married
11685,No,Semi Urban,Married
11687,No,Semi Urban,Married
11688,Yes,Urban,Single
11690,No,Semi Urban,Married
11692,No,Rural,Married
11695,No,Rural,Married
11697,Yes,Urban,Married
11698,Yes,Urban,Married
11699,No,Rural,Married
11702,No,Urban,Married
11703,No,Rural,Married
11707,No,Rural,Single
11708,No,Urban,Single
11711,No,Semi Urban,Married
11713,No,Urban,Single
11714,Yes,Urban,Married
11715,No,Semi Urban,Married
11716,No,Rural,Married
11717,No,Rural,Married
11718,No,Rural,Married
11719,No,Rural,Married
11726,No,Urban,Married
11727,No,Rural,Single
11728,No,Rural,Married
11732,Yes,Urban,Married
11733,No,Urban,Married
11736,No,Urban,Married
11737,No,Urban,Single
11738,Yes,Urban,Married
11739,No,Rural,Married
11742,No,Rural,Married
11743,No,Rural,Married
11745,No,Rural,Married
11746,No,Semi Urban,Married
11747,No,Urban,Married
11749,No,Urban,Married
11750,Yes,Rural,Married
11751,No,Semi Urban,Single
11754,No,Semi Urban,Married
11755,No,Urban,Married
11757,No,Urban,Married
11758,No,Rural,Single
11759,Yes,Semi Urban,Married
11760,No,Rural,Single
11761,No,Rural,Married
11765,No,Semi Urban,Single
11766,No,Rural,Single
11767,No,Semi Urban,Single
11769,No,Semi Urban,Married
11770,No,Urban,Married
11773,No,Urban,Married
11774,No,Semi Urban,Single
11776,No,Urban,Married
11777,No,Urban,Married
11778,No,Rural,Married
11779,No,Rural,Married
11780,No,Urban,Married
11781,No,Semi Urban,Married
11783,No,Rural,Married
11784,No,Semi Urban,Married
11785,No,Urban,Married
11786,No,Urban,Married
11787,No,Urban,Married
11788,No,Semi Urban,Single
11790,Yes,Semi Urban,Married
11791,No,Semi Urban,Married
11792,No,Rural,Married
11793,No,Rural,Single
11796,No,Rural,Married
11797,No,Rural,Married
11801,No,Semi Urban,Married
11804,No,Rural,Married
11807,No,Semi Urban,Married
11808,No,Urban,Married
11809,No,Rural,Single
11810,No,Semi Urban,Married
11811,No,Rural,Married
11814,Yes,Rural,Married
11815,No,Semi Urban,Married
11816,No,Rural,Married
11818,No,Semi Urban,Married
11819,No,Rural,Married
11820,No,Semi Urban,Married
11823,No,Semi Urban,Married
11827,Yes,Semi Urban,Married
11828,Yes,Urban,Married
11830,No,Rural,Married
11832,No,Rural,Married
11835,No,Urban,Married
11836,No,Rural,Married
11837,No,Semi Urban,Married
11838,Yes,Semi Urban,Single
11839,Yes,Semi Urban,Married
11840,No,Rural,Married
11842,No,Urban,Married
11845,Yes,Rural,Married
11846,No,Rural,Married
11847,No,Urban,Single
11851,No,Rural,Single
11852,Yes,Semi Urban,Married
11854,No,Rural,Married
11856,No,Urban,Married
11857,No,Urban,Married
11858,No,Rural,Single
11859,No,Semi Urban,Married
11861,No,Urban,Married
11862,No,Rural,Married
11863,No,Rural,Single
11864,No,Urban,Married
11865,No,Urban,Married
11866,No,Rural,Married
11867,No,Rural,Married
11868,No,Urban,Married
11871,No,Urban,Married
11872,Yes,Semi Urban,Married
11873,No,Rural,Married
11874,No,Urban,Married
11875,No,Rural,Married
11877,Yes,Rural,Married
11880,No,Rural,Married
11881,No,Rural,Married
11882,No,Urban,Single
11883,No,Semi Urban,Married
11884,No,Rural,Married
11888,No,Semi Urban,Married
11892,No,Rural,Married
11893,No,Semi Urban,Married
11894,No,Urban,Married
11895,Yes,Rural,Married
11897,No,Rural,Married
11898,No,Urban,Single
11901,No,Rural,Single
11904,No,Urban,Single
11905,No,Semi Urban,Single
11908,No,Semi Urban,Single
11910,No,Rural,Married
11911,Yes,Rural,Married
11914,Yes,Urban,Married
11916,No,Urban,Single
11918,No,Semi Urban,Married
11920,No,Semi Urban,Married
11922,Yes,Rural,Married
11927,No,Rural,Married
11929,No,Semi Urban,Married
11930,Yes,Rural,Married
11931,No,Semi Urban,Married
11932,No,Urban,Single
11934,Yes,Rural,Single
11937,Yes,Rural,Married
11939,No,Semi Urban,Married
11940,Yes,Semi Urban,Married
11942,No,Urban,Married
11944,No,Urban,Single
11945,No,Urban,Married
11946,No,Semi Urban,Married
11947,Yes,Semi Urban,Married
11949,No,Semi Urban,Married
11952,No,Urban,Married
11953,Yes,Urban,Married
11954,Yes,Semi Urban,Married
11955,No,Rural,Married
11956,No,Rural,Married
11957,No,Urban,Married
11959,No,Semi Urban,Married
11961,No,Rural,Married
11962,No,Rural,Single
11965,No,Rural,Single
11966,No,Rural,Married
11967,No,Semi Urban,Single
11968,Yes,Rural,Married
11969,Yes,Rural,Married
11970,No,Urban,Married
11972,No,Urban,Married
11973,No,Semi Urban,Married
11975,Yes,Rural,Married
11977,No,Rural,Married
11980,No,Urban,Married
11982,Yes,Rural,Married
11984,No,Rural,Married
11985,No,Urban,Married
11986,No,Urban,Married
11989,No,Urban,Married
11991,No,Rural,Married
11995,No,Semi Urban,Single
11996,No,Rural,Married
11998,No,Rural,Single
11999,No,Semi Urban,Married
12000,No,Rural,Married
12002,No,Urban,Single
12003,No,Urban,Married
12004,Yes,Semi Urban,Married
12008,No,Urban,Married
12010,No,Urban,Married
12011,Yes,Semi Urban,Single
12012,No,Urban,Married
12013,Yes,Semi Urban,Married
12014,Yes,Semi Urban,Single
12016,No,Semi Urban,Married
12019,Yes,Urban,Married
12020,No,Rural,Married
12021,No,Semi Urban,Married
12022,No,Semi Urban,Married
12023,No,Semi Urban,Married
12024,No,Semi Urban,Single
12025,No,Rural,Single
12026,No,Rural,Married
12027,No,Urban,Married
12031,No,Rural,Married
12033,No,Urban,Married
12035,No,Rural,Married
12036,No,Urban,Married
12037,No,Rural,Married
12038,No,Rural,Married
12039,No,Rural,Married
12040,No,Urban,Married
12041,No,Rural,Married
12042,Yes,Semi Urban,Married
12043,No,Semi Urban,Married
12048,No,Semi Urban,Married
12051,No,Rural,Married
12053,No,Urban,Married
12056,No,Urban,Married
12057,No,Semi Urban,Married
12059,Yes,Urban,Single
12060,No,Rural,Married
12064,No,Rural,Married
12066,Yes,Semi Urban,Married
12067,No,Semi Urban,Single
12068,Yes,Semi Urban,Single
12073,No,Semi Urban,Married
12084,No,Semi Urban,Married
12088,No,Semi Urban,Married
12092,Yes,Urban,Married
12097,No,Rural,Single
12099,No,Rural,Married
12101,No,Semi Urban,Married
12102,No,Urban,Single
12103,Yes,Rural,Married
12104,No,Urban,Married
12105,No,Urban,Married
12106,Yes,Urban,Married
12107,No,Semi Urban,Married
12109,Yes,Semi Urban,Married
12110,No,Urban,Single
12111,Yes,Rural,Married
12112,No,Semi Urban,Married
12115,No,Semi Urban,Married
12117,No,Rural,Married
12118,No,Semi Urban,Married
12121,No,Semi Urban,Single
12122,No,Urban,Married
12124,Yes,Rural,Married
12125,No,Rural,Married
12126,No,Urban,Single
12128,No,Rural,Married
12129,No,Semi Urban,Married
12130,No,Rural,Married
12131,No,Urban,Married
12132,No,Rural,Single
12134,Yes,Semi Urban,Married
12135,No,Rural,Married
12136,No,Urban,Married
12138,Yes,Urban,Married
12140,No,Semi Urban,Married
12141,No,Urban,Married
12143,No,Rural,Married
12144,No,Rural,Married
12150,No,Semi Urban,Married
12151,No,Urban,Married
12152,No,Rural,Married
12153,No,Urban,Single
12154,Yes,Semi Urban,Single
12155,No,Rural,Married
12156,No,Urban,Married
12157,Yes,Rural,Single
12159,No,Urban,Single
12160,No,Semi Urban,Married
12162,No,Semi Urban,Married
12164,No,Urban,Single
12166,No,Rural,Married
12167,No,Urban,Married
12169,No,Rural,Married
12172,No,Urban,Married
12176,No,Semi Urban,Married
12177,No,Rural,Married
12178,No,Rural,Single
12179,No,Rural,Married
12182,No,Urban,Single
12183,No,Urban,Married
12184,Yes,Urban,Married
12185,No,Urban,Married
12186,No,Rural,Single
12188,No,Semi Urban,Married
12189,No,Semi Urban,Married
12190,No,Rural,Married
12191,No,Urban,Single
12193,No,Rural,Married
12194,No,Urban,Married
12197,No,Rural,Married
12199,No,Rural,Married
12200,No,Rural,Married
12201,No,Urban,Married
12202,No,Rural,Single
12204,No,Urban,Single
12205,No,Urban,Married
12206,Yes,Urban,Married
12209,No,Semi Urban,Married
12211,No,Rural,Married
12214,No,Urban,Married
12215,No,Rural,Married
12216,No,Rural,Single
12218,Yes,Semi Urban,Married
12219,No,Rural,Married
12220,No,Semi Urban,Married
12221,No,Urban,Married
12224,Yes,Urban,Married
12229,No,Rural,Married
12230,No,Urban,Single
12231,Yes,Semi Urban,Married
12232,No,Rural,Married
12234,No,Urban,Single
12237,No,Rural,Single
12240,No,Rural,Single
12243,No,Rural,Married
12244,No,Urban,Married
12245,No,Urban,Married
12246,No,Urban,Married
12247,Yes,Semi Urban,Married
12249,No,Rural,Married
12250,Yes,Rural,Married
12251,Yes,Semi Urban,Married
12255,Yes,Rural,Single
12256,Yes,Rural,Single
12257,No,Rural,Single
12258,No,Urban,Married
12262,No,Semi Urban,Married
12263,No,Urban,Single
12264,No,Rural,Married
12265,No,Semi Urban,Married
12269,Yes,Rural,Married
12273,No,Semi Urban,Married
12275,No,Urban,Single
12276,No,Rural,Married
12279,No,Rural,Married
12281,No,Rural,Married
12282,No,Semi Urban,Single
12284,No,Rural,Married
12286,No,Rural,Married
12287,No,Rural,Married
12290,No,Semi Urban,Married
12291,No,Urban,Married
12292,No,Semi Urban,Married
12296,Yes,Semi Urban,Married
12300,No,Rural,Single
12302,No,Rural,Married
12305,Yes,Urban,Married
12306,No,Urban,Married
12307,No,Rural,Married
12309,No,Rural,Single
12311,Yes,Semi Urban,Married
12312,No,Urban,Married
12313,No,Rural,Single
12320,No,Rural,Married
12321,Yes,Rural,Married
12322,Yes,Semi Urban,Married
12326,No,Rural,Married
12327,No,Rural,Single
12330,Yes,Urban,Married
12335,No,Rural,Married
12336,No,Urban,Married
12337,No,Urban,Single
12338,No,Semi Urban,Single
12340,No,Semi Urban,Single
12341,No,Rural,Married
12343,No,Rural,Married
12345,Yes,Rural,Married
12347,No,Rural,Married
12349,No,Urban,Married
12351,Yes,Rural,Married
12354,No,Urban,Married
12356,Yes,Semi Urban,Married
12359,No,Rural,Married
12362,No,Urban,Single
12363,No,Semi Urban,Married
12364,No,Urban,Married
12365,No,Urban,Single
12366,No,Semi Urban,Married
12367,No,Rural,Single
12368,No,Urban,Married
12369,Yes,Semi Urban,Married
12370,No,Rural,Single
12375,No,Rural,Married
12376,No,Rural,Married
12377,No,Rural,Single
12383,No,Rural,Married
12384,No,Urban,Single
12385,Yes,Semi Urban,Single
12386,No,Urban,Married
12388,No,Urban,Married
12389,No,Urban,Married
12391,No,Rural,Married
12392,No,Semi Urban,Married
12393,No,Urban,Married
12395,No,Rural,Married
12396,No,Urban,Married
12397,No,Urban,Married
12401,Yes,Rural,Married
12402,No,Urban,Married
12403,No,Semi Urban,Married
12404,Yes,Urban,Single
12408,No,Semi Urban,Married
12409,No,Urban,Married
12413,No,Rural,Married
12416,No,Urban,Married
12417,No,Semi Urban,Married
12420,No,Rural,Married
12421,No,Urban,Married
12422,No,Urban,Married
12423,No,Rural,Married
12426,No,Semi Urban,Married
12427,No,Urban,Married
12428,No,Rural,Married
12429,Yes,Rural,Married
12432,No,Semi Urban,Married
12433,No,Urban,Married
12434,Yes,Rural,Single
12442,No,Semi Urban,Married
12443,No,Rural,Married
12444,No,Semi Urban,Married
12448,No,Urban,Married
12449,No,Semi Urban,Married
12454,No,Semi Urban,Single
12455,No,Semi Urban,Married
12456,No,Rural,Married
12457,No,Urban,Married
12459,No,Urban,Married
12462,No,Urban,Single
12463,No,Urban,Single
12464,No,Rural,Married
12465,No,Urban,Married
12466,No,Urban,Married
12467,No,Rural,Married
12468,No,Urban,Married
12469,No,Rural,Married
12470,No,Semi Urban,Married
12471,No,Urban,Married
12472,No,Semi Urban,Single
12473,No,Rural,Single
12474,No,Rural,Married
12476,Yes,Semi Urban,Married
12479,No,Rural,Married
12480,No,Rural,Married
12483,No,Rural,Married
12484,No,Rural,Single
12485,No,Urban,Married
12486,No,Rural,Married
12489,No,Rural,Married
12490,No,Rural,Single
12491,No,Rural,Married
12492,No,Rural,Single
12493,No,Urban,Married
12494,No,Semi Urban,Single
12499,No,Urban,Single
12500,No,Rural,Married
12502,No,Rural,Married
12503,Yes,Semi Urban,Married
12504,No,Urban,Married
12505,No,Urban,Married
12506,No,Urban,Married
12510,No,Rural,Married
12511,No,Urban,Married
12513,No,Urban,Married
12514,Yes,Rural,Married
12515,No,Rural,Married
12516,No,Urban,Married
12517,Yes,Semi Urban,Married
12518,No,Urban,Married
12520,No,Rural,Single
12523,Yes,Urban,Married
12524,Yes,Semi Urban,Single
12527,No,Urban,Single
12530,No,Urban,Married
12534,No,Rural,Married
12537,No,Rural,Married
12539,Yes,Semi Urban,Married
12544,No,Semi Urban,Married
12546,No,Semi Urban,Married
12548,No,Rural,Married
12549,No,Urban,Married
12554,Yes,Semi Urban,Married
12555,No,Urban,Married
12558,No,Rural,Married
12560,No,Semi Urban,Married
12562,No,Urban,Married
12563,No,Urban,Married
12564,No,Rural,Married
12565,No,Rural,Married
12566,No,Rural,Single
12568,No,Semi Urban,Married
12569,No,Rural,Single
12570,No,Rural,Married
12572,Yes,Rural,Single
12576,Yes,Rural,Married
12578,Yes,Rural,Married
12579,No,Rural,Married
12581,No,Urban,Married
12583,No,Rural,Married
12585,No,Rural,Married
12586,Yes,Semi Urban,Married
12587,No,Urban,Married
12588,Yes,Rural,Single
12589,Yes,Rural,Married
12590,No,Semi Urban,Married
12591,No,Rural,Married
12593,No,Urban,Married
12594,No,Urban,Single
12597,No,Rural,Married
12599,No,Rural,Single
12600,No,Rural,Married
12602,No,Rural,Married
12605,No,Rural,Married
12607,No,Semi Urban,Married
12608,No,Urban,Married
12609,No,Semi Urban,Married
12611,No,Semi Urban,Married
12613,Yes,Semi Urban,Married
12614,No,Semi Urban,Married
12615,No,Rural,Single
12616,No,Rural,Single
12617,No,Rural,Married
12621,No,Rural,Married
12623,No,Urban,Single
12625,No,Urban,Married
12626,No,Urban,Married
12630,Yes,Rural,Single
12633,No,Rural,Married
12637,No,Rural,Single
12638,No,Rural,Married
12642,Yes,Rural,Married
12643,No,Semi Urban,Married
12644,No,Rural,Single
12646,No,Rural,Single
12648,Yes,Semi Urban,Married
12652,No,Urban,Married
12653,No,Rural,Single
12654,No,Urban,Single
12655,No,Rural,Married
12658,No,Rural,Married
12659,No,Urban,Married
12660,Yes,Urban,Married
12661,No,Semi Urban,Single
12662,No,Rural,Single
12664,No,Urban,Married
12667,No,Urban,Married
12668,No,Rural,Single
12671,Yes,Rural,Married
12674,No,Rural,Single
12678,No,Urban,Single
12681,No,Rural,Married
12683,No,Semi Urban,Married
12685,No,Urban,Married
12686,No,Urban,Single
12687,No,Semi Urban,Married
12688,No,Rural,Married
12691,Yes,Rural,Married
12695,Yes,Rural,Married
12696,Yes,Rural,Single
12698,Yes,Urban,Married
12701,No,Semi Urban,Married
12702,No,Rural,Married
12705,No,Rural,Married
12706,Yes,Semi Urban,Married
12707,Yes,Semi Urban,Married
12708,No,Urban,Married
12709,No,Rural,Married
12712,No,Rural,Single
12713,No,Urban,Married
12715,Yes,Semi Urban,Married
12718,No,Rural,Single
12722,No,Semi Urban,Single
12724,No,Urban,Married
12728,No,Semi Urban,Married
12729,No,Rural,Married
12735,No,Urban,Married
12736,Yes,Rural,Married
12738,No,Rural,Married
12739,Yes,Urban,Married
12741,No,Rural,Single
12742,No,Rural,Married
12745,No,Urban,Married
12746,Yes,Urban,Married
12747,Yes,Semi Urban,Married
12748,No,Urban,Married
12749,Yes,Urban,Married
12750,No,Rural,Married
12751,No,Semi Urban,Married
12753,Yes,Rural,Married
12754,No,Rural,Married
12762,No,Urban,Single
12763,No,Rural,Single
12764,No,Semi Urban,Married
12765,No,Rural,Single
12766,Yes,Urban,Single
12767,No,Urban,Single
12772,Yes,Rural,Married
12774,No,Rural,Single
12775,No,Rural,Married
12776,No,Urban,Single
12777,Yes,Rural,Married
12778,No,Rural,Married
12779,Yes,Rural,Married
12781,No,Semi Urban,Married
12783,No,Rural,Married
12784,No,Rural,Married
12785,No,Rural,Single
12786,No,Semi Urban,Married
12787,Yes,Urban,Single
12789,No,Urban,Married
12790,No,Semi Urban,Married
12791,Yes,Semi Urban,Single
12794,No,Semi Urban,Married
12795,No,Semi Urban,Married
12797,No,Rural,Married
12798,No,Rural,Single
12802,No,Semi Urban,Married
12805,Yes,Rural,Married
12807,No,Semi Urban,Married
12810,Yes,Urban,Married
12812,No,Urban,Married
12813,Yes,Urban,Single
12816,No,Rural,Married
12817,No,Urban,Married
12821,No,Urban,Married
12823,No,Semi Urban,Married
12824,No,Semi Urban,Married
12825,No,Urban,Married
12826,No,Semi Urban,Single
12827,No,Rural,Single
12829,No,Semi Urban,Single
12831,Yes,Rural,Married
12834,Yes,Semi Urban,Married
12837,No,Urban,Married
12839,No,Rural,Married
12841,No,Urban,Married
12842,No,Rural,Married
12844,No,Urban,Married
12846,No,Urban,Married
12848,Yes,Semi Urban,Married
12849,No,Semi Urban,Married
12850,Yes,Urban,Married
12852,No,Rural,Married
12853,No,Rural,Married
12854,No,Urban,Married
12855,No,Rural,Married
12856,Yes,Semi Urban,Married
12859,No,Semi Urban,Married
12860,No,Semi Urban,Married
12863,Yes,Urban,Married
12864,No,Urban,Single
12866,Yes,Semi Urban,Married
12869,No,Semi Urban,Married
12872,No,Urban,Married
12875,No,Rural,Married
12877,No,Rural,Married
12878,No,Urban,Married
12879,No,Semi Urban,Married
12880,No,Semi Urban,Married
12881,No,Semi Urban,Married
12883,No,Urban,Married
12885,No,Urban,Single
12888,No,Semi Urban,Single
12890,Yes,Urban,Single
12891,No,Rural,Single
12892,No,Rural,Single
12896,No,Urban,Married
12898,No,Urban,Single
12901,No,Rural,Married
12903,No,Urban,Married
12907,No,Urban,Married
12909,Yes,Rural,Single
12910,No,Urban,Single
12911,No,Semi Urban,Married
12912,No,Semi Urban,Married
12914,No,Rural,Married
12916,No,Urban,Single
12918,No,Rural,Married
12920,No,Urban,Married
12921,Yes,Rural,Married
12922,No,Urban,Married
12923,No,Urban,Married
12925,No,Rural,Married
12927,No,Urban,Married
12931,Yes,Rural,Married
12933,Yes,Urban,Married
12934,No,Rural,Married
12935,No,Rural,Single
12936,No,Semi Urban,Married
12939,No,Urban,Single
12940,Yes,Rural,Single
12941,No,Urban,Married
12944,No,Urban,Married
12948,No,Rural,Married
12950,No,Urban,Married
12951,No,Urban,Married
12952,Yes,Rural,Single
12954,No,Rural,Married
12955,Yes,Rural,Single
12957,No,Semi Urban,Married
12961,No,Urban,Married
12962,No,Semi Urban,Married
12965,No,Urban,Single
12968,No,Urban,Married
12976,No,Semi Urban,Married
12981,Yes,Rural,Single
12983,No,Rural,Married
12986,No,Urban,Single
12990,No,Urban,Married
12995,Yes,Urban,Married
12996,No,Semi Urban,Married
12997,No,Urban,Married
12998,No,Rural,Single
12999,No,Urban,Married
13001,Yes,Semi Urban,Married
13002,No,Rural,Married
13005,No,Rural,Married
13007,No,Rural,Married
13010,No,Urban,Married
13011,No,Rural,Married
13012,No,Urban,Married
13015,No,Urban,Single
13017,No,Rural,Married
13018,Yes,Rural,Married
13023,No,Rural,Married
13025,No,Rural,Married
13026,No,Urban,Married
13027,No,Rural,Married
13029,No,Semi Urban,Single
13030,No,Rural,Married
13031,No,Urban,Married
13036,Yes,Urban,Single
13037,Yes,Semi Urban,Married
13038,Yes,Rural,Married
13040,No,Semi Urban,Married
13041,Yes,Rural,Married
13042,No,Rural,Single
13043,No,Rural,Married
13044,No,Rural,Single
13045,No,Rural,Married
13046,Yes,Semi Urban,Married
13047,No,Rural,Single
13049,No,Semi Urban,Married
13053,Yes,Urban,Married
13062,No,Urban,Married
13063,No,Rural,Married
13064,No,Urban,Married
13065,Yes,Rural,Single
13066,No,Rural,Married
13067,No,Semi Urban,Single
13069,Yes,Semi Urban,Single
13071,No,Urban,Married
13073,No,Rural,Married
13075,Yes,Semi Urban,Married
13076,No,Rural,Single
13078,No,Rural,Married
13082,No,Semi Urban,Married
13083,No,Rural,Married
13084,No,Urban,Married
13085,No,Urban,Married
13088,No,Rural,Married
13089,No,Urban,Single
13092,No,Rural,Married
13093,No,Semi Urban,Married
13095,No,Rural,Single
13097,Yes,Semi Urban,Married
13099,No,Rural,Married
13100,No,Rural,Married
13101,No,Urban,Married
13102,No,Rural,Married
13104,No,Urban,Single
13105,No,Urban,Single
13106,No,Urban,Married
13107,No,Semi Urban,Married
13108,No,Semi Urban,Married
13109,Yes,Urban,Married
13111,No,Rural,Single
13115,No,Urban,Married
13116,No,Rural,Single
13117,Yes,Semi Urban,Married
13118,No,Rural,Married
13120,Yes,Urban,Married
13121,No,Semi Urban,Single
13122,Yes,Rural,Married
13123,No,Semi Urban,Married
13124,No,Urban,Married
13127,No,Urban,Married
13128,No,Semi Urban,Married
13129,No,Rural,Single
13130,No,Semi Urban,Single
13131,No,Rural,Married
13132,No,Semi Urban,Married
13133,No,Semi Urban,Married
13134,No,Rural,Single
13137,No,Semi Urban,Married
13141,No,Urban,Married
13142,No,Urban,Married
13144,Yes,Rural,Married
13149,No,Rural,Single
13150,No,Rural,Married
13151,No,Urban,Married
13153,Yes,Urban,Married
13154,Yes,Rural,Married
13155,Yes,Urban,Married
13157,No,Rural,Single
13158,No,Rural,Single
13161,No,Rural,Married
13162,No,Rural,Single
13165,No,Rural,Married
13166,No,Urban,Married
13168,No,Rural,Married
13169,No,Urban,Married
13170,No,Semi Urban,Married
13176,Yes,Urban,Married
13178,No,Rural,Single
13180,No,Urban,Married
13181,No,Semi Urban,Married
13183,No,Urban,Married
13186,No,Semi Urban,Married
13187,No,Rural,Married
13189,Yes,Rural,Married
13192,No,Rural,Married
13193,No,Semi Urban,Married
13194,No,Semi Urban,Married
13195,No,Rural,Married
13198,Yes,Rural,Married
13199,No,Rural,Married
